market,SUM(sales1d),SUM(cost),avg_acos,campaignId,campaignName,adGroupId,adGroupName,advertisedSku,new_campaignName,new_adGroupName
DE,100.8,9.75,0.096726,478664641933076,DeepBI_0502_L02 Manu_overstock,288057997841518,DeepBI_0502_L02 Manu,LPL16SS0002OFWH00SA1,DeepBI_0502_L02 Manu_overstock,DeepBI_0502_L02 Manu
DE,42.0,2.4,0.057143,438141102782269,DeepBI_0502_M92_Auto,381153377445579,DeepBI_0502_M92_Auto,LPM21SS0092MT020XSR2,DeepBI_0502_M92_Auto,DeepBI_0502_M92_Auto
DE,33.61,0.58,0.017257,276730049590317,L49 auto,28351355242952,Ad group 1,LPL20AW0049HGRY0XLR1,DeepBI_0502_L49 auto,DeepBI_0502_Ad group 1
DE,27.72,1.14,0.041126,438171503570439,DeepBI_0502_L17-Manuel,444405052583990,DeepBI_0502_L17-Large,LPL17AW00170GRY00MR2-19Y,DeepBI_0502_L17-Manuel,DeepBI_0502_L17-Large
DE,25.2,1.4,0.055556,438171503570439,DeepBI_0502_L17-Manuel,444405052583990,DeepBI_0502_L17-Large,LPL17AW00170BLK00LR2-19Y,DeepBI_0502_L17-Manuel,DeepBI_0502_L17-Large
