market,SUM(sales1d),SUM(cost),avg_acos,campaignId,campaignName,adGroupId,adGroupName,advertisedSku,new_campaignName,new_adGroupName
DE,100.8,25.66,0.254563,110747744302100,M36 auto_overstock,68500905903909,Ad group 1,LPM17SS0036LHGY0XLR4,DeepBI_0502_M36 auto_overstock,DeepBI_0502_Ad group 1
DE,67.2,4.68,0.069643,521740350613734,L01 manu_overstock,364043537489322,L01 manu,LPL16SS00010BLK0XLB1,DeepBI_0502_L01 manu_overstock,DeepBI_0502_L01 manu
DE,62.16,9.7,0.156049,100302274192472,G11 G19 manu_overstock,167382219594066,G11 manu,LPG22SS0011MT010XLR4,DeepBI_0502_G11 G19 manu_overstock,DeepBI_0502_G11 manu
DE,58.8,3.26,0.055442,38326401275291,M11 M57 M24 manu,161283650464293,M11 57 24,LPM17AW0024DGRY00LR2V2,DeepBI_0502_M11 M57 M24 manu,DeepBI_0502_M11 57 24
DE,50.4,0.53,0.010516,462278126484449,DeepBI_0502_M19 manu 2 复制 1_overstock,415036366596725,DeepBI_0502_M19 manu 2,LPM17SS0019WNST00LR1,DeepBI_0502_M19 manu 2 复制 1_overstock,DeepBI_0502_M19 manu 2
DE,47.88,1.37,0.028613,224384961818476,M19 manu 2_overstock,83587434286467,M19 manu,LPM17SS00190WHI00MR1-23V1,DeepBI_0502_M19 manu 2_overstock,DeepBI_0502_M19 manu
DE,33.6,0.47,0.013988,431913193236439,DeepBI_0502_B21 Auto (Anton),355668618271587,DeepBI_0502_B21 Auto,LPB22AW0021DGYL0XLR2,DeepBI_0502_B21 Auto (Anton),DeepBI_0502_B21 Auto
DE,33.6,0.48,0.014286,467048451547931,DeepBI_0502_L59_AUTO_2_overstock,416775235818695,DeepBI_0502_L59_AUTO_2,LPL21SS0059GRDG00MR1,DeepBI_0502_L59_AUTO_2_overstock,DeepBI_0502_L59_AUTO_2
DE,25.2,1.4,0.055556,438171503570439,DeepBI_0502_L17-Manuel,444405052583990,DeepBI_0502_L17-Large,LPL17AW00170BLK00LR2-19Y,DeepBI_0502_L17-Manuel,DeepBI_0502_L17-Large
DE,25.2,0.5,0.019841,554553366274752,DeepBI_0502_M39_Manual,377579560558058,DeepBI_0502_M39_Manual,LPM17AW0039DGNB0XSR1,DeepBI_0502_M39_Manual,DeepBI_0502_M39_Manual
